"","response","formula","AICc","BIC","r2.vals","r2.vals.unique","edf","edf.less.1","delta.AICc","delta.BIC","wi.AICc","wi.BIC","geoscience_depth","geoscience_aspect","geoscience_roughness","geoscience_detrended","year","cumsum.wi"
"geoscience_aspect.by.year+geoscience_depth.by.year+geoscience_detrended.by.year+year...1","macroalgae","s(geoscience_aspect, by = year, k = 3, bs = ""cc"") + s(geoscience_depth, by = year, k = 3, bs = ""cr"") + s(geoscience_detrended, by = year, k = 3, bs = ""cr"") + year",4357.94012871831,4412.81364033559,0.10842,NA,12.93,0,0,0,0.992,0.828,1,1,0,1,1,0.992
"geoscience_aspect.by.year+geoscience_depth.by.year+geoscience_detrended.by.year+year...2","sand","s(geoscience_aspect, by = year, k = 3, bs = ""cc"") + s(geoscience_depth, by = year, k = 3, bs = ""cr"") + s(geoscience_detrended, by = year, k = 3, bs = ""cr"") + year",6056.50215486232,6097.99182390348,0.42426,NA,9.86,0,0,0.364,0.795,0.446,1,1,0,1,1,0.795
"geoscience_aspect.by.year+geoscience_depth.by.year+geoscience_roughness.by.year+year","rock","s(geoscience_aspect, by = year, k = 3, bs = ""cc"") + s(geoscience_depth, by = year, k = 3, bs = ""cr"") + s(geoscience_roughness, by = year, k = 3, bs = ""cr"") + year",80.6153014647379,130.602426253337,0.91168,NA,11.77,0,0,0,0.992,0.923,1,1,1,0,1,0.992
"geoscience_aspect.by.year+geoscience_depth+geoscience_roughness+year","sessile_invertebrates","s(geoscience_depth, k = 3, bs = ""cr"") + s(geoscience_roughness, k = 3, bs = ""cr"") + s(geoscience_aspect, by = year, k = 3, bs = ""cc"") + year",1163.50769602267,1188.76068497829,0.22325,NA,6.91,1,0,0,0.301,0.552,1,1,1,0,1,0.301
"geoscience_aspect+geoscience_depth+geoscience_roughness+year","sessile_invertebrates","s(geoscience_aspect, k = 3, bs = ""cc"") + s(geoscience_depth, k = 3, bs = ""cr"") + s(geoscience_roughness, k = 3, bs = ""cr"") + year",1164.20400655738,1189.49851851553,0.2227,NA,5.92,0,0.696,0.738,0.213,0.382,1,1,1,0,1,0.514
"geoscience_aspect.by.year+geoscience_depth+geoscience_roughness.by.year+year","sessile_invertebrates","s(geoscience_depth, k = 3, bs = ""cr"") + s(geoscience_aspect, by = year, k = 3, bs = ""cc"") + s(geoscience_roughness, by = year, k = 3, bs = ""cr"") + year",1165.22070601558,1196.10780910817,0.22408,NA,8.24,1,1.713,7.347,0.128,0.014,1,1,1,0,1,0.642
"geoscience_aspect.by.year+geoscience_detrended.by.year+geoscience_roughness+year","reef","s(geoscience_roughness, k = 3, bs = ""cr"") + s(geoscience_aspect, by = year, k = 3, bs = ""cc"") + s(geoscience_detrended, by = year, k = 3, bs = ""cr"") + year",5065.90465895659,5114.52744424686,0.10866,NA,11.45,0,0,0,0.633,0.971,0,1,1,1,1,0.633
"geoscience_aspect.by.year+geoscience_detrended.by.year+geoscience_roughness.by.year+year","reef","s(geoscience_aspect, by = year, k = 3, bs = ""cc"") + s(geoscience_detrended, by = year, k = 3, bs = ""cr"") + s(geoscience_roughness, by = year, k = 3, bs = ""cr"") + year",5066.99823593471,5121.54416165436,0.10904,NA,12.86,0,1.094,7.017,0.367,0.029,0,1,1,1,1,1
"geoscience_aspect.by.year+geoscience_depth.by.year+geoscience_detrended+year","seagrasses","s(geoscience_detrended, k = 3, bs = ""cr"") + s(geoscience_aspect, by = year, k = 3, bs = ""cc"") + s(geoscience_depth, by = year, k = 3, bs = ""cr"") + year",5463.40426203462,5512.71845375066,0.45067,NA,11.61,0,0,0,0.755,0.992,1,1,0,1,1,0.755
